year,name,sex,num
2022,Aaron,M,120
2022,Aaron Mateo,M,3
2022,Abel,M,30
2022,Abraham,M,21
2022,Achraf,M,3
2022,Adai,M,6
2022,Adam,M,86
2022,Adan,M,9
2022,Aday,M,32
2022,Adnan,M,4
2022,Adolfo,M,6
2022,Adonay,M,9
2022,Adonis,M,3
2022,Adrian,M,373
2022,Adriano,M,4
2022,Adriel,M,9
2022,Agustin,M,9
2022,Ahmad,M,7
2022,Ahmed,M,7
2022,Aidan,M,4
2022,Aiden,M,7
2022,Aimar,M,21
2022,Airam,M,5
2022,Aitor,M,66
2022,Akram,M,9
2022,Alan,M,60
2022,Alaric,M,3
2022,Alberto,M,65
2022,Aldo,M,3
2022,Aleix,M,10
2022,Alejandro,M,425
2022,Alejandro David,M,3
2022,Alejo,M,13
2022,Alen,M,3
2022,Alessandro,M,24
2022,Alessio,M,4
2022,Alex,M,161
2022,Alexander,M,39
2022,Alexandru,M,7
2022,Alexandru Gabriel,M,3
2022,Alexis,M,6
2022,Alfonso,M,40
2022,Alfredo,M,9
2022,Ali,M,13
2022,Allen,M,3
2022,Alonso,M,84
2022,Alvaro,M,407
2022,Alvaro Maria,M,3
2022,Amin,M,9
2022,Amir,M,54
2022,Anas,M,17
2022,Ander,M,57
2022,Andrea,M,3
2022,Andrei,M,6
2022,Andres,M,72
2022,Andrew,M,4
2022,Angel,M,140
2022,Angel Gabriel,M,5
2022,Angelo,M,4
2022,Anibal,M,9
2022,Anthony,M,4
2022,Antoine,M,3
2022,Anton,M,12
2022,Antonio,M,114
2022,Antonio Jose,M,5
2022,Anuar,M,5
2022,Aran,M,9
2022,Aray,M,5
2022,Aren,M,8
2022,Ares,M,47
2022,Arian,M,5
2022,Ariel,M,5
2022,Aris,M,6
2022,Aritz,M,28
2022,Arkan,M,3
2022,Arnau,M,4
2022,Aron,M,10
2022,Artai,M,3
2022,Artem,M,3
2022,Arthur,M,8
2022,Arturo,M,33
2022,Aryan,M,3
2022,Aser,M,3
2022,Asher,M,6
2022,Asier,M,100
2022,Asis,M,4
2022,Axel,M,51
2022,Ayan,M,6
2022,Ayden,M,5
2022,Aylan,M,8
2022,Ayman,M,17
2022,Ayoub,M,7
2022,Azael,M,3
2022,Aziel,M,4
2022,Badr,M,3
2022,Bastian,M,17
2022,Beltran,M,44
2022,Benjamin,M,24
2022,Benat,M,3
2022,Bernardo,M,4
2022,Biel,M,5
2022,Bilal,M,8
2022,Blas,M,4
2022,Borja,M,30
2022,Bosco,M,62
2022,Brais,M,5
2022,Brian,M,3
2022,Bruno,M,251
2022,Bryan,M,3
2022,Caleb,M,15
2022,Camilo,M,13
2022,Carlo,M,6
2022,Carlos,M,162
2022,Carlos Andres,M,4
2022,Carlos David,M,3
2022,Carmelo,M,5
2022,Cayetano,M,13
2022,Cesar,M,47
2022,Christian,M,11
2022,Ciro,M,10
2022,Claudio,M,3
2022,Cosme,M,6
2022,Cristian,M,29
2022,Cristian Andrei,M,3
2022,Damian,M,14
2022,Daniel,M,441
2022,Daniel Alexander,M,3
2022,Dante,M,25
2022,Darek,M,8
2022,Darell,M,3
2022,Dariel,M,5
2022,Dario,M,183
2022,Darius Andrei,M,4
2022,David,M,233
2022,David Gabriel,M,4
2022,Denis,M,10
2022,Denis Andrei,M,3
2022,Denis Gabriel,M,3
2022,Derek,M,23
2022,Derek Gabriel,M,3
2022,Diego,M,400
2022,Diego Alejandro,M,4
2022,Diego Gabriel,M,3
2022,Dilan,M,3
2022,Duarte,M,3
2022,Dylan,M,88
2022,Dylan Alexander,M,5
2022,Dylan Fabian,M,4
2022,Dylan Gabriel,M,3
2022,Dylan Gael,M,5
2022,Eder,M,3
2022,Eduardo,M,49
2022,Eduardo Daniel,M,3
2022,Efren,M,3
2022,Eidan,M,3
2022,Eiden,M,18
2022,Einar,M,22
2022,Eitan,M,3
2022,Eithan,M,5
2022,Eithan David,M,4
2022,Eizan,M,3
2022,Ekai,M,5
2022,Elian,M,20
2022,Elias,M,41
2022,Eliel,M,3
2022,Elio,M,9
2022,Eliot,M,5
2022,Elliot,M,5
2022,Eloy,M,35
2022,Emanuel,M,18
2022,Emiliano,M,13
2022,Emilio,M,19
2022,Emmanuel,M,20
2022,Eneas,M,3
2022,Eneko,M,23
2022,Enoc,M,4
2022,Enol,M,7
2022,Enrique,M,51
2022,Enzo,M,254
2022,Eren,M,7
2022,Eric,M,79
2022,Erick,M,27
2022,Erick David,M,3
2022,Erik,M,95
2022,Ernesto,M,6
2022,Esteban,M,13
2022,Ethan,M,13
2022,Ethan Gael,M,3
2022,Evan,M,8
2022,Eyad,M,5
2022,Ezequiel,M,16
2022,Fabian,M,13
2022,Fabio,M,28
2022,Federico,M,15
2022,Felipe,M,62
2022,Felix,M,18
2022,Fermin,M,6
2022,Fernando,M,82
2022,Fernando Jose,M,3
2022,Fernando Maria,M,3
2022,Flavio,M,4
2022,Francesco,M,5
2022,Francisco,M,57
2022,Francisco Asis,M,3
2022,Francisco Borja,M,5
2022,Francisco Javier,M,21
2022,Francisco Jose,M,4
2022,Francisco Manuel,M,3
2022,Gabriel,M,192
2022,Gabriele,M,4
2022,Gadiel,M,3
2022,Gael,M,196
2022,Gael Alejandro,M,4
2022,Gael Jesus,M,3
2022,Gaspar,M,4
2022,Genaro,M,3
2022,German,M,8
2022,Ghali,M,3
2022,Gianluca,M,4
2022,Giorgio,M,3
2022,Giovanni,M,3
2022,Gonzalo,M,312
2022,Gonzalo Maria,M,3
2022,Gorka,M,11
2022,Guillermo,M,221
2022,Gustavo,M,4
2022,Guzman,M,11
2022,Hamza,M,5
2022,Haron,M,27
2022,Haroun,M,13
2022,Hector,M,171
2022,Hernan,M,28
2022,Hugo,M,436
2022,Iad,M,3
2022,Iago,M,51
2022,Ian,M,102
2022,Ian Alejandro,M,4
2022,Ian Daniel,M,3
2022,Ian Gael,M,3
2022,Ian Martin,M,3
2022,Ian Mateo,M,4
2022,Ibai,M,12
2022,Ibrahim,M,35
2022,Ignacio,M,136
2022,Ignacio Maria,M,6
2022,Iker,M,95
2022,Ilian,M,3
2022,Ilias,M,6
2022,Illan,M,4
2022,Ilyan,M,4
2022,Ilyas,M,6
2022,Imran,M,29
2022,Inaki,M,7
2022,Inigo,M,59
2022,Ion,M,3
2022,Irai,M,9
2022,Isaac,M,71
2022,Isaias,M,6
2022,Ishak,M,10
2022,Ishaq,M,9
2022,Islam,M,4
2022,Ismael,M,55
2022,Ismail,M,4
2022,Israel,M,21
2022,Ivan,M,80
2022,Iyad,M,9
2022,Izan,M,181
2022,Izan Mateo,M,3
2022,Jacobo,M,59
2022,Jacobo Maria,M,3
2022,Jad,M,4
2022,Jaden,M,5
2022,Jael,M,3
2022,Jaime,M,266
2022,Jairo,M,16
2022,Jared,M,6
2022,Jason,M,3
2022,Javier,M,216
2022,Javier Antonio,M,3
2022,Jayden,M,7
2022,Jean Carlos,M,3
2022,Jeremy,M,7
2022,Jeremy Jose,M,3
2022,Jeronimo,M,7
2022,Jesus,M,70
2022,Jesus Alberto,M,3
2022,Jesus Manuel,M,4
2022,Joaquin,M,34
2022,Joel,M,49
2022,Jon,M,31
2022,Jonas,M,5
2022,Jonathan,M,10
2022,Jonay,M,3
2022,Jordan,M,6
2022,Jordi,M,3
2022,Jorge,M,201
2022,Jose,M,116
2022,Jose Alberto,M,4
2022,Jose Angel,M,11
2022,Jose Antonio,M,21
2022,Jose Daniel,M,4
2022,Jose David,M,5
2022,Jose Gael,M,3
2022,Jose Ignacio,M,6
2022,Jose Luis,M,25
2022,Jose Manuel,M,19
2022,Jose Maria,M,13
2022,Jose Miguel,M,8
2022,Josias,M,3
2022,Josue,M,25
2022,Juan,M,176
2022,Juan Andres,M,5
2022,Juan Antonio,M,7
2022,Juan Carlos,M,9
2022,Juan David,M,8
2022,Juan Diego,M,4
2022,Juan Ignacio,M,6
2022,Juan Jesus,M,3
2022,Juan Jose,M,17
2022,Juan Luis,M,5
2022,Juan Manuel,M,11
2022,Juan Maria,M,4
2022,Juan Martin,M,5
2022,Juan Mateo,M,4
2022,Juan Pablo,M,15
2022,Juan Pedro,M,4
2022,Juan Ramon,M,5
2022,Juan Sebastian,M,3
2022,Julen,M,56
2022,Julian,M,28
2022,Julio,M,33
2022,Kael,M,3
2022,Kai,M,19
2022,Karam,M,7
2022,Karim,M,16
2022,Keanu,M,4
2022,Kenai,M,4
2022,Kenan,M,5
2022,Kenzo,M,5
2022,Kevin,M,11
2022,Kilian,M,10
2022,Kiran,M,4
2022,Kristian,M,3
2022,Kylian,M,30
2022,Lazaro,M,3
2022,Leandro,M,6
2022,Leo,M,373
2022,Leo Alejandro,M,3
2022,Leon,M,50
2022,Leonardo,M,56
2022,Leonel,M,5
2022,Levi,M,3
2022,Liam,M,156
2022,Liam Alejandro,M,3
2022,Liam Alexander,M,5
2022,Liam Andres,M,7
2022,Liam David,M,3
2022,Liam Gael,M,7
2022,Liam Isaac,M,3
2022,Liam Mateo,M,3
2022,Liam Matias,M,3
2022,Liam Nicolas,M,3
2022,Lian,M,3
2022,Lino,M,3
2022,Logan,M,10
2022,Lope,M,4
2022,Lorenzo,M,29
2022,Luan,M,7
2022,Luc,M,3
2022,Luca,M,260
2022,Luca Andrei,M,3
2022,Luca Gabriel,M,4
2022,Lucas,M,520
2022,Lucas Alejandro,M,4
2022,Lucas Andrei,M,8
2022,Lucas Andres,M,3
2022,Lucas Daniel,M,4
2022,Lucas Gabriel,M,6
2022,Lucas Ignacio,M,3
2022,Lucas Jose,M,3
2022,Lucas Sebastian,M,4
2022,Lucca,M,20
2022,Lucca Mateo,M,3
2022,Luciano,M,10
2022,Luis,M,112
2022,Luis Alejandro,M,5
2022,Luis Angel,M,3
2022,Luis Daniel,M,3
2022,Luis David,M,3
2022,Luis Gabriel,M,3
2022,Luis Mateo,M,3
2022,Luis Miguel,M,10
2022,Luka,M,47
2022,Luke,M,4
2022,Lyon,M,3
2022,Mael,M,6
2022,Magnus,M,3
2022,Maher,M,10
2022,Manases,M,3
2022,Manuel,M,270
2022,Manuel Alejandro,M,5
2022,Manuel Jesus,M,5
2022,Marc,M,57
2022,Marcel,M,6
2022,Marcelo,M,9
2022,Marco,M,232
2022,Marco Antonio,M,4
2022,Marcos,M,315
2022,Marcus,M,4
2022,Marek,M,3
2022,Mariano,M,3
2022,Marino,M,3
2022,Mario,M,218
2022,Mark,M,19
2022,Markel,M,4
2022,Marko,M,4
2022,Martin,M,527
2022,Massimo,M,10
2022,Mateo,M,635
2022,Mateo Alejandro,M,3
2022,Mateo Alexander,M,4
2022,Mateo Daniel,M,3
2022,Mateo Jose,M,3
2022,Mateo Nicolas,M,3
2022,Matheo,M,7
2022,Matheus,M,3
2022,Mathias,M,6
2022,Matias,M,105
2022,Matias Andrei,M,3
2022,Matias Nicolas,M,4
2022,Matteo,M,29
2022,Matthew,M,6
2022,Mauricio,M,4
2022,Mauro,M,49
2022,Maverick,M,3
2022,Max,M,34
2022,Maximilian,M,3
2022,Maximiliano,M,28
2022,Maximo,M,68
2022,Maximo Antonio,M,3
2022,Michael,M,7
2022,Miguel,M,247
2022,Miguel Angel,M,38
2022,Mike,M,3
2022,Mikel,M,31
2022,Milan,M,24
2022,Millan,M,5
2022,Milo,M,11
2022,Mohamed,M,48
2022,Mohamed Ali,M,3
2022,Mohamed Amin,M,3
2022,Mohamed Amir,M,3
2022,Mohamed Reda,M,4
2022,Mohammed,M,9
2022,Moises,M,15
2022,Muhammad Ibrahim,M,3
2022,Nadir,M,5
2022,Nael,M,14
2022,Nahuel,M,4
2022,Naim,M,16
2022,Nassim,M,4
2022,Nathan,M,9
2022,Nehemias,M,3
2022,Neil,M,3
2022,Neithan,M,5
2022,Neizan,M,43
2022,Neo,M,7
2022,Nestor,M,7
2022,Neythan,M,3
2022,Neyzan,M,7
2022,Nicanor,M,3
2022,Nicolas,M,365
2022,Niko,M,6
2022,Nikolas,M,4
2022,Nil,M,5
2022,Nilo,M,11
2022,Nino,M,4
2022,Nizar,M,7
2022,No Empadronar,M,5
2022,Noa,M,4
2022,Noah,M,105
2022,Noah Jose,M,3
2022,Noe,M,13
2022,Noel,M,18
2022,Nolan,M,4
2022,Nuno,M,4
2022,Oliver,M,325
2022,Olmo,M,13
2022,Omar,M,33
2022,Oscar,M,40
2022,Otto,M,5
2022,Owen,M,4
2022,Pablo,M,397
2022,Pablo Fernando,M,3
2022,Paolo,M,4
2022,Paris,M,4
2022,Patrick,M,3
2022,Pau,M,18
2022,Paul,M,4
2022,Pedro,M,82
2022,Pedro Jose,M,4
2022,Pelayo,M,29
2022,Piero,M,5
2022,Pietro,M,6
2022,Pol,M,4
2022,Rafael,M,79
2022,Rami,M,3
2022,Ramon,M,24
2022,Raul,M,69
2022,Rayan,M,66
2022,Rayco,M,3
2022,Rene,M,5
2022,Riad,M,3
2022,Ricardo,M,33
2022,Rio,M,17
2022,Robert,M,5
2022,Roberto,M,29
2022,Rodrigo,M,237
2022,Rodrigo Gael,M,3
2022,Roi,M,20
2022,Roma,M,5
2022,Roman,M,14
2022,Romeo,M,29
2022,Roque,M,21
2022,Ruben,M,70
2022,Rui,M,4
2022,Ryan,M,8
2022,Saad,M,3
2022,Safwan,M,6
2022,Said,M,7
2022,Salim,M,3
2022,Salman,M,4
2022,Salvador,M,18
2022,Sami,M,7
2022,Samir,M,3
2022,Samuel,M,166
2022,Samuel David,M,3
2022,Sanad,M,9
2022,Sancho,M,6
2022,Santiago,M,199
2022,Santiago Jose,M,6
2022,Santiago Manuel,M,4
2022,Santiago Maria,M,4
2022,Santino,M,4
2022,Saul,M,84
2022,Sebastian,M,65
2022,Sebastian Andres,M,3
2022,Sergio,M,135
2022,Simon,M,33
2022,Siraj,M,4
2022,Stefan,M,4
2022,Stefano,M,5
2022,Steven,M,3
2022,Sulaiman,M,5
2022,Sultan,M,5
2022,Tadeo,M,3
2022,Taha,M,3
2022,Telmo,M,20
2022,Teo,M,34
2022,Teodoro,M,4
2022,Theo,M,20
2022,Thiago,M,210
2022,Thiago Alejandro,M,10
2022,Thiago Alessandro,M,3
2022,Thiago Alexander,M,3
2022,Thiago Andres,M,4
2022,Thiago Daniel,M,5
2022,Thiago Gael,M,9
2022,Thiago Jesus,M,4
2022,Thiago Jose,M,5
2022,Thomas,M,9
2022,Tiago,M,25
2022,Tirso,M,9
2022,Tomas,M,60
2022,Tristan,M,36
2022,Ulises,M,18
2022,Unai,M,91
2022,Uriel,M,10
2022,Valentin,M,15
2022,Valentino,M,9
2022,Vicente,M,10
2022,Victor,M,119
2022,Victor Manuel,M,4
2022,Viggo,M,5
2022,Wael,M,4
2022,Walid,M,4
2022,Wassim,M,4
2022,Xavier,M,3
2022,Xoel,M,4
2022,Yacoub,M,5
2022,Yadiel,M,4
2022,Yael,M,8
2022,Yago,M,52
2022,Yanis,M,20
2022,Yasin,M,6
2022,Yasir,M,7
2022,Yasser,M,16
2022,Yassin,M,8
2022,Yassir,M,3
2022,Yerai,M,7
2022,Yeray,M,18
2022,Yichen,M,4
2022,Yifan,M,3
2022,Yihang,M,3
2022,Yiheng,M,4
2022,Yoel,M,7
2022,Younes,M,9
2022,Yousef,M,3
2022,Youssef,M,23
2022,Yuhao,M,4
2022,Yunaid,M,3
2022,Yusef,M,3
2022,Zaid,M,3
2022,Zakaria,M,11
2022,Zayd,M,4
2022,Ziad,M,3
2022,Ziyad,M,5
2022,Abigail,F,17
2022,Abril,F,122
2022,Ada,F,21
2022,Adara,F,42
2022,Adaray,F,3
2022,Adela,F,11
2022,Adelaida,F,3
2022,Adhara,F,15
2022,Adriana,F,189
2022,Afnan,F,6
2022,Africa,F,76
2022,Agata,F,3
2022,Agatha,F,7
2022,Agueda,F,5
2022,Aicha,F,5
2022,Aina,F,6
2022,Ainara,F,50
2022,Ainhara,F,17
2022,Ainhoa,F,73
2022,Ainhoa Sofia,F,3
2022,Ainhoa Valentina,F,4
2022,Aisha,F,15
2022,Aitana,F,172
2022,Aitana Isabella,F,3
2022,Aitana Maria,F,3
2022,Aitana Sofia,F,4
2022,Aitana Valentina,F,3
2022,Alai,F,3
2022,Alaia,F,44
2022,Alana,F,18
2022,Alanna,F,3
2022,Alaya,F,3
2022,Alazne,F,3
2022,Alba,F,250
2022,Aldara,F,4
2022,Alegria,F,8
2022,Alejandra,F,236
2022,Alejandra Maria,F,3
2022,Alessandra,F,12
2022,Alessia,F,6
2022,Alexandra,F,19
2022,Alexia,F,13
2022,Alia,F,10
2022,Alice,F,17
2022,Alicia,F,126
2022,Alicia Maria,F,3
2022,Alina,F,4
2022,Alison,F,4
2022,Allegra,F,8
2022,Allison,F,5
2022,Alma,F,220
2022,Almas,F,6
2022,Almudena,F,38
2022,Amaia,F,43
2022,Amal,F,5
2022,Amalia,F,17
2022,Amanda,F,13
2022,Amara,F,10
2022,Amaya,F,15
2022,Ambar,F,6
2022,Amber,F,6
2022,Amelia,F,50
2022,Amelie,F,7
2022,Amina,F,11
2022,Amira,F,55
2022,Amy,F,6
2022,Ana,F,171
2022,Ana Lucia,F,10
2022,Ana Maria,F,18
2022,Ana Paula,F,10
2022,Ana Sofia,F,9
2022,Ana Victoria,F,4
2022,Anabel,F,5
2022,Anahi,F,3
2022,Anais,F,18
2022,Analia,F,4
2022,Anastasia,F,8
2022,Anaya,F,3
2022,Andrea,F,60
2022,Ane,F,11
2022,Angela,F,47
2022,Angelica,F,4
2022,Angelina,F,5
2022,Angie,F,4
2022,Ania,F,4
2022,Anisa,F,3
2022,Anna,F,11
2022,Anne,F,8
2022,Antia,F,23
2022,Antonella,F,55
2022,Anya,F,3
2022,Anyelina,F,6
2022,Arabia,F,15
2022,Araceli,F,4
2022,Aran,F,3
2022,Arancha,F,5
2022,Aria,F,20
2022,Ariadna,F,139
2022,Ariadne,F,4
2022,Ariana,F,19
2022,Ariane,F,3
2022,Arianna,F,10
2022,Arij,F,3
2022,Arizona,F,3
2022,Aroa,F,44
2022,Arwa,F,5
2022,Arwen,F,4
2022,Arya,F,24
2022,Ashley,F,12
2022,Asia,F,6
2022,Asil,F,8
2022,Assia,F,4
2022,Assil,F,5
2022,Astrid,F,13
2022,Asya,F,4
2022,Atenea,F,20
2022,Athenea,F,7
2022,Aura,F,16
2022,Aurah,F,4
2022,Aurea,F,3
2022,Auri,F,3
2022,Aurora,F,41
2022,Ava,F,8
2022,Avril,F,10
2022,Aya,F,19
2022,Ayla,F,21
2022,Aylen,F,3
2022,Aylin,F,4
2022,Aynara,F,3
2022,Aysha,F,3
2022,Azahara,F,14
2022,Baraa,F,3
2022,Barbara,F,12
2022,Basma,F,6
2022,Bayan,F,10
2022,Beatriz,F,31
2022,Belen,F,20
2022,Bella,F,12
2022,Berta,F,30
2022,Bianca,F,36
2022,Blanca,F,127
2022,Blanca Maria,F,3
2022,Briana,F,9
2022,Brianna,F,8
2022,Bruna,F,10
2022,Bryanna,F,3
2022,Camelia,F,7
2022,Camila,F,58
2022,Camila Victoria,F,3
2022,Camille,F,3
2022,Camino,F,3
2022,Candela,F,158
2022,Candelaria,F,3
2022,Carla,F,242
2022,Carla Maria,F,8
2022,Carlota,F,196
2022,Carlota Maria,F,3
2022,Carlotta,F,3
2022,Carmela,F,7
2022,Carmen,F,240
2022,Carmen Maria,F,3
2022,Carolina,F,59
2022,Casilda,F,33
2022,Cataleya,F,24
2022,Catalina,F,86
2022,Cayetana,F,47
2022,Cecilia,F,21
2022,Celeste,F,9
2022,Celia,F,95
2022,Charlotte,F,13
2022,Chiara,F,13
2022,Chloe,F,204
2022,Chloe Antonella,F,4
2022,Chloe Maria,F,4
2022,Chloe Sofia,F,4
2022,Chloe Valentina,F,3
2022,Ciara,F,5
2022,Clara,F,134
2022,Claudia,F,225
2022,Claudia Maria,F,4
2022,Cleo,F,4
2022,Cloe,F,47
2022,Concepcion,F,4
2022,Constanza,F,6
2022,Consuelo,F,3
2022,Cora,F,5
2022,Coraima,F,4
2022,Coral,F,21
2022,Covadonga,F,32
2022,Cristina,F,64
2022,Cynthia,F,3
2022,Daenerys,F,7
2022,Dafne,F,28
2022,Dahlia,F,3
2022,Daila,F,3
2022,Daira,F,3
2022,Dalia,F,14
2022,Dana,F,10
2022,Danae,F,23
2022,Dania,F,8
2022,Daniela,F,279
2022,Daniella,F,9
2022,Danna,F,10
2022,Danna Sofia,F,7
2022,Danna Sophia,F,3
2022,Daphne,F,6
2022,Dara,F,5
2022,Dayra,F,4
2022,Deba,F,3
2022,Delia,F,7
2022,Deva,F,8
2022,Diana,F,58
2022,Dina,F,17
2022,Dolores,F,6
2022,Dulce Maria,F,6
2022,Duna,F,4
2022,Dunia,F,7
2022,Eda,F,7
2022,Edurne,F,9
2022,Eider,F,5
2022,Eileen,F,4
2022,Eira,F,9
2022,Eire,F,7
2022,Ekaterina,F,4
2022,Elaia,F,8
2022,Elena,F,141
2022,Elena Maria,F,3
2022,Elia,F,32
2022,Eliana,F,4
2022,Elisa,F,47
2022,Elisabeth,F,13
2022,Elizabeth,F,13
2022,Eloisa,F,5
2022,Eloise,F,4
2022,Elora,F,3
2022,Elsa,F,64
2022,Elvira,F,6
2022,Ema,F,3
2022,Emilia,F,16
2022,Emily,F,24
2022,Emma,F,343
2022,Emma Isabella,F,6
2022,Emma Lucia,F,5
2022,Emma Maria,F,4
2022,Emma Sofia,F,5
2022,Emma Sophia,F,5
2022,Emma Victoria,F,3
2022,Enara,F,5
2022,Enola,F,6
2022,Erika,F,16
2022,Erin,F,7
2022,Eris,F,4
2022,Esmeralda,F,9
2022,Esperanza,F,4
2022,Esraa,F,7
2022,Estefania,F,4
2022,Estela,F,5
2022,Ester,F,4
2022,Esther,F,18
2022,Estrella,F,14
2022,Eugenia,F,12
2022,Eva,F,115
2022,Eva Maria,F,13
2022,Eva Victoria,F,3
2022,Evelyn,F,3
2022,Eyra,F,9
2022,Fabiola,F,12
2022,Farah,F,4
2022,Fatima,F,36
2022,Fatima Zohra,F,3
2022,Federica,F,3
2022,Fernanda,F,5
2022,Filippa,F,3
2022,Firdaws,F,7
2022,Flavia,F,11
2022,Flora,F,4
2022,Francisca,F,3
2022,Gabriela,F,131
2022,Gabriella,F,6
2022,Gadea,F,21
2022,Gaia,F,14
2022,Gala,F,83
2022,Galilea,F,3
2022,Gara,F,12
2022,Gemma,F,13
2022,Genesis,F,7
2022,Genoveva,F,3
2022,Georgina,F,8
2022,Ginebra,F,10
2022,Ginevra,F,4
2022,Giovanna,F,4
2022,Giulia,F,13
2022,Giulietta,F,3
2022,Gloria,F,10
2022,Gracia,F,5
2022,Grecia,F,3
2022,Greta,F,25
2022,Guadalupe,F,12
2022,Habana,F,3
2022,Hafsa,F,3
2022,Haizea,F,3
2022,Hajar,F,3
2022,Hana,F,4
2022,Hanna,F,11
2022,Hannah,F,10
2022,Helen,F,4
2022,Helena,F,47
2022,Henar,F,12
2022,Hera,F,3
2022,Hiba,F,7
2022,Hidaya,F,10
2022,Iara,F,3
2022,Iciar,F,10
2022,Idaira,F,7
2022,Idara,F,4
2022,Ikhlas,F,4
2022,Ikram,F,3
2022,Ilaf,F,3
2022,Inas,F,9
2022,Inaya,F,4
2022,Indara,F,16
2022,India,F,60
2022,Indiara,F,4
2022,Indira,F,13
2022,Ines,F,264
2022,Ingrid,F,8
2022,Iraia,F,3
2022,Irati,F,18
2022,Iratxe,F,6
2022,Irene,F,101
2022,Iria,F,103
2022,Irina,F,9
2022,Iris,F,68
2022,Irune,F,5
2022,Isabel,F,96
2022,Isabela,F,7
2022,Isabela Maria,F,3
2022,Isabella,F,65
2022,Isabella Maria,F,5
2022,Isabella Victoria,F,3
2022,Israa,F,9
2022,Itziar,F,21
2022,Ivana,F,6
2022,Ivanna,F,5
2022,Jade,F,14
2022,Jana,F,9
2022,Jannat,F,5
2022,Jara,F,38
2022,Jazmin,F,6
2022,Jessica,F,3
2022,Jimena,F,223
2022,Jinan,F,4
2022,Joana,F,4
2022,Juana,F,8
2022,Judit,F,3
2022,Judith,F,13
2022,Julia,F,319
2022,Julieta,F,66
2022,Juliette,F,6
2022,June,F,4
2022,Kailani,F,4
2022,Kaira,F,4
2022,Kala,F,3
2022,Kamila,F,4
2022,Karen,F,3
2022,Karla,F,4
2022,Kataleya,F,3
2022,Kawtar,F,7
2022,Kayla,F,3
2022,Keira,F,3
2022,Kendall,F,3
2022,Kenia,F,5
2022,Keyla,F,8
2022,Khadija,F,3
2022,Khloe,F,6
2022,Kiara,F,5
2022,Kira,F,5
2022,Kylie,F,5
2022,Laia,F,109
2022,Laila,F,7
2022,Lara,F,185
2022,Lara Sofia,F,3
2022,Laura,F,79
2022,Laura Maria,F,3
2022,Laya,F,3
2022,Layal,F,6
2022,Layan,F,39
2022,Layla,F,5
2022,Lea,F,23
2022,Leah,F,10
2022,Leia,F,26
2022,Leila,F,12
2022,Leire,F,96
2022,Lena,F,20
2022,Leonor,F,25
2022,Leticia,F,3
2022,Leyla,F,5
2022,Leyre,F,70
2022,Lia,F,69
2022,Liana,F,3
2022,Libertad,F,6
2022,Lidia,F,18
2022,Lilia,F,9
2022,Lina,F,37
2022,Lis,F,3
2022,Lisa,F,3
2022,Livia,F,7
2022,Llara,F,5
2022,Lluvia,F,3
2022,Lois,F,3
2022,Lola,F,171
2022,Lorena,F,4
2022,Loreto,F,11
2022,Lourdes,F,9
2022,Lua,F,19
2022,Luana,F,3
2022,Lucia,F,727
2022,Lucia Maria,F,6
2022,Lucia Valentina,F,4
2022,Luciana,F,13
2022,Luisa,F,11
2022,Luna,F,161
2022,Luna Isabella,F,3
2022,Luna Sofia,F,4
2022,Luz,F,10
2022,Luz Maria,F,4
2022,Lydia,F,3
2022,Macarena,F,76
2022,Madison,F,3
2022,Mafalda,F,5
2022,Maia,F,34
2022,Maialen,F,6
2022,Maira,F,6
2022,Maite,F,3
2022,Malak,F,19
2022,Malena,F,10
2022,Manal,F,3
2022,Manuela,F,158
2022,Mar,F,29
2022,Mara,F,37
2022,Maravillas,F,3
2022,Marcela,F,6
2022,Margarita,F,3
2022,Maria,F,300
2022,Maria Alejandra,F,4
2022,Maria Angeles,F,3
2022,Maria Camila,F,4
2022,Maria Carlota,F,3
2022,Maria Carmen,F,14
2022,Maria Dolores,F,5
2022,Maria Eugenia,F,3
2022,Maria Fernanda,F,3
2022,Maria Guadalupe,F,3
2022,Maria Isabel,F,12
2022,Maria Jose,F,9
2022,Maria Lourdes,F,3
2022,Maria Luisa,F,4
2022,Maria Mar,F,3
2022,Maria Paloma,F,3
2022,Maria Paz,F,5
2022,Maria Pilar,F,8
2022,Maria Rocio,F,4
2022,Maria Sofia,F,3
2022,Maria Soledad,F,3
2022,Maria Teresa,F,9
2022,Maria Valentina,F,5
2022,Maria Victoria,F,11
2022,Mariam,F,31
2022,Mariama,F,3
2022,Marian,F,8
2022,Mariana,F,29
2022,Marieta,F,5
2022,Marina,F,110
2022,Mariola,F,4
2022,Marta,F,96
2022,Martina,F,423
2022,Martina Elena,F,3
2022,Marwa,F,13
2022,Maryam,F,15
2022,Matilda,F,18
2022,Matilde,F,13
2022,Maya,F,40
2022,Mayar,F,4
2022,Mayra,F,7
2022,Megan,F,11
2022,Mel,F,3
2022,Melanie,F,3
2022,Melany,F,3
2022,Melisa,F,6
2022,Melissa,F,16
2022,Melody,F,3
2022,Mencia,F,42
2022,Mercedes,F,10
2022,Merida,F,11
2022,Mia,F,201
2022,Mia Alejandra,F,4
2022,Mia Antonella,F,3
2022,Mia Elizabeth,F,3
2022,Mia Isabella,F,8
2022,Mia Valentina,F,6
2022,Micaela,F,27
2022,Michelle,F,9
2022,Mila,F,13
2022,Milena,F,3
2022,Mina,F,3
2022,Minerva,F,10
2022,Miral,F,3
2022,Miranda,F,18
2022,Mireia,F,16
2022,Mirella,F,3
2022,Miren,F,6
2022,Miriam,F,33
2022,Moira,F,3
2022,Monica,F,17
2022,Monica Maria,F,3
2022,Montserrat,F,5
2022,Muriel,F,3
2022,Nadia,F,24
2022,Nadin,F,3
2022,Nagore,F,6
2022,Nahia,F,45
2022,Nahiara,F,3
2022,Naia,F,75
2022,Naiara,F,23
2022,Naima,F,6
2022,Naira,F,22
2022,Nala,F,4
2022,Naomi,F,11
2022,Nara,F,15
2022,Naroa,F,5
2022,Natalia,F,42
2022,Natasha,F,3
2022,Naya,F,7
2022,Nayara,F,20
2022,Nayeli,F,4
2022,Nayla,F,14
2022,Nayra,F,28
2022,Nazaret,F,11
2022,Nazareth,F,3
2022,Nerea,F,68
2022,Neyla,F,3
2022,Nia,F,3
2022,Nicole,F,14
2022,Nieves,F,8
2022,Nina,F,19
2022,Nira,F,4
2022,Noa,F,204
2022,Noah,F,15
2022,Noelia,F,20
2022,Noemi,F,10
2022,Noha,F,3
2022,Noor,F,11
2022,Nor,F,3
2022,Nora,F,106
2022,Norah,F,4
2022,Nour,F,37
2022,Nur,F,4
2022,Nuria,F,14
2022,Oihane,F,4
2022,Olaia,F,4
2022,Olalla,F,10
2022,Olaya,F,9
2022,Olga,F,4
2022,Olimpia,F,7
2022,Oliva,F,3
2022,Olivia,F,438
2022,Olivia Elena,F,4
2022,Olivia Maria,F,4
2022,Olympia,F,5
2022,Ona,F,7
2022,Paloma,F,27
2022,Paola,F,20
2022,Patricia,F,11
2022,Paula,F,332
2022,Paula Sofia,F,3
2022,Paulina,F,3
2022,Paz,F,3
2022,Pia,F,19
2022,Pilar,F,23
2022,Qamar,F,3
2022,Rahma,F,5
2022,Rania,F,7
2022,Raquel,F,19
2022,Rawan,F,3
2022,Razan,F,8
2022,Rebeca,F,10
2022,Regina,F,4
2022,Remedios,F,3
2022,Renata,F,9
2022,Renee,F,3
2022,Rim,F,9
2022,Rimas,F,3
2022,Rinad,F,4
2022,Rita,F,12
2022,Rocio,F,93
2022,Rodaina,F,4
2022,Rodayna,F,3
2022,Roma,F,21
2022,Romina,F,4
2022,Rosa,F,5
2022,Rosalia,F,6
2022,Rubi,F,6
2022,Ruth,F,16
2022,Sabela,F,6
2022,Sabina,F,4
2022,Sabrina,F,6
2022,Safaa,F,4
2022,Safae,F,6
2022,Salma,F,32
2022,Salome,F,19
2022,Samanta,F,6
2022,Samantha,F,17
2022,Samara,F,16
2022,Samira,F,11
2022,Sandra,F,11
2022,Sanem,F,3
2022,Sara,F,194
2022,Sara Isabella,F,3
2022,Sara Sofia,F,3
2022,Sara Valentina,F,3
2022,Sarah,F,11
2022,Sarai,F,3
2022,Saray,F,12
2022,Sarayma,F,6
2022,Sasha,F,3
2022,Scarlett,F,3
2022,Selena,F,7
2022,Selena Maria,F,3
2022,Shaila,F,3
2022,Sheila,F,11
2022,Shuyao,F,4
2022,Sia,F,9
2022,Sidra,F,4
2022,Siena,F,17
2022,Sienna,F,11
2022,Silvia,F,28
2022,Silya,F,4
2022,Sira,F,17
2022,Sirin,F,3
2022,Sofia,F,581
2022,Sofia Alejandra,F,4
2022,Sofia Alexandra,F,3
2022,Sofia Antonella,F,4
2022,Sofia Elena,F,6
2022,Sofia Elizabeth,F,3
2022,Sofia Ioana,F,3
2022,Sofia Maria,F,14
2022,Sofia Valentina,F,5
2022,Sofia Victoria,F,5
2022,Sol,F,28
2022,Sonia,F,3
2022,Sonsoles,F,3
2022,Sophia,F,12
2022,Sophie,F,11
2022,Soraya,F,7
2022,Suhaila,F,3
2022,Susana,F,3
2022,Tamara,F,7
2022,Tania,F,4
2022,Tasnim,F,15
2022,Tatiana,F,3
2022,Telma,F,7
2022,Teresa,F,55
2022,Tessa,F,4
2022,Thais,F,6
2022,Thalia,F,13
2022,Triana,F,110
2022,Uma,F,8
2022,Ursula,F,7
2022,Uxia,F,4
2022,Valentina,F,181
2022,Valentina Isabel,F,3
2022,Valentina Maria,F,3
2022,Valeria,F,376
2022,Valle,F,11
2022,Vanessa,F,7
2022,Vania,F,3
2022,Vega,F,266
2022,Vera,F,220
2022,Veronica,F,13
2022,Victoria,F,198
2022,Victoria Isabel,F,3
2022,Victoria Isabella,F,3
2022,Victoria Maria,F,4
2022,Vida,F,4
2022,Vienna,F,3
2022,Viktoria,F,3
2022,Violeta,F,46
2022,Virginia,F,4
2022,Xana,F,4
2022,Xenia,F,3
2022,Xiana,F,3
2022,Ximena,F,6
2022,Xinyu,F,3
2022,Xinyue,F,5
2022,Xiomara,F,3
2022,Xiyue,F,4
2022,Yaiza,F,21
2022,Yanay,F,6
2022,Yaneli,F,4
2022,Yanet,F,3
2022,Yanira,F,6
2022,Yara,F,17
2022,Yarel,F,11
2022,Yareli,F,6
2022,Yaren,F,4
2022,Yasira,F,3
2022,Yasmin,F,29
2022,Yasmina,F,6
2022,Yasmine,F,4
2022,Yassmin,F,6
2022,Yixin,F,3
2022,Yoana,F,3
2022,Yolanda,F,3
2022,Yousra,F,4
2022,Yuen,F,3
2022,Yulia,F,4
2022,Zainab,F,5
2022,Zaira,F,18
2022,Zara,F,4
2022,Zaya,F,3
2022,Zaynab,F,4
2022,Zhoe,F,3
2022,Zoe,F,167
2022,Zoe Aitana,F,3
2022,Zoe Valentina,F,6
